stock,ticker,market cap,beta,price,sector
"BlackLine, Inc.",BL,$1.81B,1.43,251.79,n/a
Principal Real Estate Income Fund,PGZ,$126.34M,0.03,868.87,n/a
"Eldorado Resorts, Inc.",ERI,$1.53B,1.91,875.57,Consumer Services
"Maxim Integrated Products, Inc.",MXIM,$13.07B,0.85,776.03,Technology
"ServisFirst Bancshares, Inc.",SFBS,$1.96B,0.77,159.38,Finance
Inphi Corporation,IPHI,$1.54B,1.03,975.7,Technology
Harmonic Inc.,HLIT,$430.84M,1.84,206.69,Technology
Geopark Ltd,GPRK,$449.75M,0.59,396.29,Energy
Axis Capital Holdings Limited,AXS^D,n/a,0.75,669.71,n/a
Fairmount Santrol Holdings Inc.,FMSA,$882.34M,1.99,539.13,Basic Industries
"RigNet, Inc.",RNET,$303.87M,1.64,951.99,Consumer Services
ManpowerGroup,MAN,$7.22B,0.15,836.87,Technology
FinTech Acquisition Corp. II,FNTEW,n/a,0.61,257.9,Finance
"Mota Group, Inc.",MOTAW,n/a,0.85,416.23,n/a
Internap Corporation,INAP,$273.47M,1.4,196.12,Technology
"First Interstate BancSystem, Inc.",FIBK,$2.13B,0.42,662.58,Finance
Alphabet Inc.,GOOG,$650.09B,0.45,711.38,Technology
"T. Rowe Price Group, Inc.",TROW,$17.7B,0.03,88.46,Finance
"Ooma, Inc.",OOMA,$148.93M,0.47,441.25,Technology
Medigus Ltd.,MDGS,$4.76M,0.03,594.22,Health Care
"51job, Inc.",JOBS,$2.67B,1.03,962.33,Technology
"Greenlight Reinsurance, Ltd.",GLRE,$771.24M,0.17,796.23,Finance
Norbord Inc.,OSB,$2.59B,1.19,868.35,Basic Industries
"The First Bancshares, Inc.",FBMS,$257.87M,1.28,186.76,Finance
Qwest Corporation,CTZ,n/a,0.74,509.13,Public Utilities
Eaton Vance Tax-Advantaged Bond,EXD,$113.57M,1.83,12,n/a
"Escalade, Incorporated",ESCA,$182.92M,1.66,948.27,Consumer Non-Durables
Party City Holdco Inc.,PRTY,$1.83B,0.33,229.23,Consumer Services
Kimco Realty Corporation,KIM^J,n/a,1.36,161.66,n/a
Vornado Realty Trust,VNO^I,n/a,1.59,14.45,n/a
Heska Corporation,HSKA,$658.44M,0.41,612.66,Health Care
"Strata Skin Sciences, Inc.",SSKN,$6.36M,1.98,439.27,Health Care
AllianzGI Diversified Income & Convertible Fund,ACV,$214.54M,1.71,950.57,n/a
Equity Residential,EQR,$25.18B,0.98,879.4,Consumer Services
Pacific Coast Oil Trust,ROYT,$61.73M,0.09,233.07,Energy
The Medicines Company,MDCO,$2.68B,0.64,928.86,Health Care
RAIT Financial Trust,RFTA,n/a,0.08,366.55,Consumer Services
ORBCOMM Inc.,ORBC,$789.19M,1.7,39.72,Consumer Services
Ivy NextShares,IVFGC,n/a,0.95,239.09,n/a
Repros Therapeutics Inc.,RPRX,$9.14M,1.16,418.74,Health Care
Flaherty & Crumrine Preferred Income Fund Incorporated,PFD,$173.59M,0.92,363.46,n/a
"Rand Logistics, Inc.",RLOG,$6.7M,0.69,250.82,Consumer Services
Thermo Fisher Scientific Inc,TMO,$68.41B,1.94,492.62,Capital Goods
"Twenty-First Century Fox, Inc.",FOX,$50.2B,1.27,403.95,Consumer Services
SemiLEDS Corporation,LEDS,$9.54M,1.43,579.49,Technology
Danaos Corporation,DAC,$153.72M,0.57,15.67,Transportation
JinkoSolar Holding Company Limited,JKS,$586.51M,0.03,212.96,Technology
"Central Europe, Russia and Turkey Fund, Inc. (The)",CEE,$164.46M,1.84,203.23,n/a
"Inogen, Inc",INGN,$1.9B,1.31,71.08,Health Care
Sohu.com Inc.,SOHU,$1.77B,1.89,974.69,Technology
Elbit Systems Ltd.,ESLT,$5.29B,0.33,628.81,Capital Goods
Nuveen New York AMT-Free Quality Municipal,NRK,$1.16B,0.09,518.08,n/a
"Nuance Communications, Inc.",NUAN,$5.24B,0.96,334.36,Technology
"Prosperity Bancshares, Inc.",PB,$4.59B,0.75,464.56,Finance
Acceleron Pharma Inc.,XLRN,$1.15B,1.48,132.54,Health Care
"FTI Consulting, Inc.",FCN,$1.34B,1.44,639.86,Consumer Services
Brightcove Inc.,BCOV,$213.5M,1.61,502.26,Technology
Crown Castle International Corporation,CCI,$37.04B,1.35,308.95,Consumer Services
PIMCO Dynamic Income Fund,PDI,$1.43B,0.03,457.14,n/a
Royal Bank Scotland plc (The),RBS^L,n/a,0.66,925.3,n/a
"ADOMANI, Inc.",ADOM,n/a,1.9,285.05,n/a
PACCAR Inc.,PCAR,$22.91B,1.08,784.05,Capital Goods
"Coastway Bancorp, Inc.",CWAY,$91.14M,1.04,824.88,Finance
iShares S&P Global Timber & Forestry Index Fund,WOOD,$264.23M,1.54,8.07,n/a
"Kinder Morgan, Inc.",KMI,$42.84B,0.68,71.02,Public Utilities
Blackrock New York Municipal Income Quality Trust,BSE,$87.89M,0.18,376.96,n/a
Morgan Stanley China A Share Fund Inc.,CAF,$474.83M,0.18,4.11,n/a
"Maiden Holdings, Ltd.",MHNC,n/a,1.59,951.4,Finance
Capital One Financial Corporation,COF.WS,n/a,0.41,604.37,n/a
iShares GNMA Bond ETF,GNMA,$174.89M,1.92,333.14,n/a
Civeo Corporation,CVEO,$264.02M,1.24,915.75,Consumer Services
OFG Bancorp,OFG^B,n/a,1.39,68.25,n/a
"AmTrust Financial Services, Inc.",AFSI,$2.76B,0.66,560.17,Finance
"Fresh Del Monte Produce, Inc.",FDP,$2.51B,0.41,776.03,Consumer Non-Durables
"PennTex Midstream Partners, LP",PTXP,$812.25M,1.09,345.91,Public Utilities
HP Inc.,HPQ,$29.21B,1.35,847.29,Technology
"ARC Group Worldwide, Inc.",ARCW,$61.78M,1.88,516.58,Capital Goods
Special Opportunities Fund Inc.,SPE,$128.56M,1.61,43.31,n/a
"C.H. Robinson Worldwide, Inc.",CHRW,$9.87B,0.71,745.45,Transportation
Nuveen Arizona Quality Municipal Income Fund,NAZ,$167.96M,1.86,42.27,n/a
"HomeStreet, Inc.",HMST,$806.79M,1,223.25,Finance
"The Habit Restaurants, Inc.",HABT,$402.04M,1.42,711.82,Consumer Services
"OSI Systems, Inc.",OSIS,$1.4B,0.31,713.68,Technology
"Banco Santander, S.A.",SAN^C,n/a,0.89,500.9,n/a
Giga-tronics Incorporated,GIGA,$7.64M,0.48,984.75,Capital Goods
Neonode Inc.,NEON,$60.57M,1.18,597.29,Capital Goods
Rayonier Advanced Materials Inc.,RYAM,$705.42M,0.3,607.23,Basic Industries
"Kforce, Inc.",KFRC,$498.13M,1.51,925.9,Technology
Chesapeake Energy Corporation,CHK^D,n/a,0.09,498.12,n/a
Triple-S Management Corporation,GTS,$403.79M,0.93,434.91,Finance
Eagle Materials Inc,EXP,$4.55B,0.72,564.68,Capital Goods
Black Box Corporation,BBOX,$117.47M,0.42,541.13,Technology
Zions Bancorporation,ZIONW,n/a,0.58,105.1,Finance
Pembina Pipeline Corp.,PBA,$13.23B,1.56,161.13,Energy
CNA Financial Corporation,CNA,$13.17B,0.1,886.68,Finance
The Providence Service Corporation,PRSC,$631.2M,1.03,183.98,Consumer Services
"Sky Solar Holdings, Ltd.",SKYS,$72.37M,1.2,540.21,Public Utilities
China Recycling Energy Corporation,CREG,$11.63M,1.97,838.29,Miscellaneous
SLM Corporation,SLM,$4.52B,0.44,424.09,Finance
"HRG Group, Inc.",HRG,$3.77B,1.62,769,Miscellaneous
Norfolk Souther Corporation,NSC,$34.52B,0.73,917.42,Transportation
"Banco Santander, S.A.",SAN^A,n/a,0.3,460.05,n/a
"Depomed, Inc.",DEPO,$592.24M,0.18,258.38,Health Care
"NuVasive, Inc.",NUVA,$3.95B,1.83,726.04,Health Care
Siebert Financial Corp.,SIEB,$83.04M,0.45,529.85,Finance
Waters Corporation,WAT,$14.74B,1.81,45.86,Capital Goods
Nuveen Michigan Quality Municipal Income Fund,NUM,$286.36M,0.03,238.26,n/a
Vuzix Corporation,VUZI,$123.47M,1.09,921.47,Technology
"Endologix, Inc.",ELGX,$385M,2,243.76,Health Care
SpartanNash Company,SPTN,$1.03B,0.75,390.96,Consumer Non-Durables
"One Horizon Group, Inc.",OHGI,$5.79M,0.95,680.28,Public Utilities
Atlantica Yield plc,ABY,$2.05B,1.74,21.22,Public Utilities
"ATN International, Inc.",ATNI,$1.15B,1.64,339.17,Public Utilities
"Saul Centers, Inc.",BFS,$1.28B,1.28,722.38,Consumer Services
"Collectors Universe, Inc.",CLCT,$225.7M,0.43,300.99,Miscellaneous
News Corporation,NWS,$8.23B,1.32,30.24,Consumer Services
Cemtrex Inc.,CETX,$32.63M,1.19,590.51,Capital Goods
Capital Bank Financial Corp.,CBF,$1.99B,0.08,598.44,Finance
"Nuance Communications, Inc.",NUAN,$5.24B,1.89,293.65,Technology
"Sandy Spring Bancorp, Inc.",SASR,$970.14M,1.53,237.28,Finance
Eagle Point Credit Company Inc.,ECCB,n/a,1.77,951.44,n/a
"CB Financial Services, Inc.",CBFV,$110.17M,1.68,204.23,Finance
"Willamette Valley Vineyards, Inc.",WVVIP,n/a,0.69,615.8,Consumer Non-Durables
"Snyder's-Lance, Inc.",LNCE,$3.44B,0.07,879.64,Consumer Non-Durables
Cherokee Inc.,CHKE,$94.54M,1.18,527.49,Consumer Non-Durables
Mesabi Trust,MSB,$173.18M,1.73,217.01,Basic Industries
Canadian National Railway Company,CNI,$61.92B,0.44,782.13,Transportation
"Internationa Flavors & Fragrances, Inc.",IFF,$10.63B,1.64,113.35,Basic Industries
"Aptose Biosciences, Inc.",APTO,$22.73M,1.64,607.15,Health Care
VictoryShares International High Div Volatility Wtd ETF,CID,n/a,0.85,417.77,n/a
"TRC Companies, Inc.",TRR,$555.08M,0.92,504.55,Consumer Services
"Onvia, Inc.",ONVI,$30.65M,1.41,588.76,Miscellaneous
"Rennova Health, Inc.",RNVA,$2.63M,0.74,379.41,Health Care
"Global Ship Lease, Inc.",GSL^B,n/a,0.65,468.65,n/a
"OneBeacon Insurance Group, Ltd.",OB,$1.72B,0.46,378.84,Finance
Haemonetics Corporation,HAE,$2.15B,0.96,179.18,Health Care
"Southern Missouri Bancorp, Inc.",SMBC,$235.72M,1.03,348.08,Finance
The Cheesecake Factory Incorporated,CAKE,$2.54B,1.71,918.18,Consumer Services
"Five Prime Therapeutics, Inc.",FPRX,$809.46M,1.45,529.76,Health Care
Abbott Laboratories,ABT,$83.66B,1.75,982.02,Health Care
"LM Funding America, Inc.",LMFAW,n/a,1.54,544.89,Finance
"Everest Re Group, Ltd.",RE,$10.5B,0.87,163.62,Finance
"Genesis Healthcare, Inc.",GEN           ,$282.79M,0.32,211.13,Health Care
"Groupon, Inc.",GRPN,$1.81B,0.28,742.28,Technology
"Arrowhead Pharmaceuticals, Inc.",ARWR,$118.89M,0.98,42.12,Health Care
Eagle Bulk Shipping Inc.,EGLE,$332.73M,1.61,908.12,Transportation
"Organovo Holdings, Inc.",ONVO,$272.97M,0.54,85.56,Health Care
WisdomTree Emerging Markets Corporate Bond Fund,EMCB,$50.49M,1.58,706.73,n/a
VictoryShares Emerging Market Volatility Wtd ETF,CEZ,n/a,1.82,413.83,n/a
"Morgan Stanley India Investment Fund, Inc.",IIF,$491.37M,0.64,170.15,n/a
Southwest Airlines Company,LUV,$36.46B,1.44,162.05,Transportation
PAR Technology Corporation,PAR,$136.02M,0.62,517.02,Miscellaneous
Westrock Company,WRK,$14.44B,1.34,136.63,Consumer Durables
"Summit Midstream Partners, LP",SMLP,$1.7B,0.15,578.85,Public Utilities
"Smart Sand, Inc.",SND,$318.69M,1.35,191.7,n/a
"The Chefs' Warehouse, Inc.",CHEF,$387.37M,0.13,631.65,Consumer Non-Durables
"Athersys, Inc.",ATHX,$158.07M,0.72,40.46,Health Care
Landmark Bancorp Inc.,LARK,$119.93M,1.89,252.28,Finance
Alliant Energy Corporation,LNT,$9.61B,1.47,345.99,Public Utilities
Cone Midstream Partners LP,CNNX,$1.17B,1.75,142.71,Public Utilities
KKR & Co. L.P.,KKR^A,n/a,0.02,277.86,n/a
TAL Education Group,TAL,$9.56B,1.33,305.49,Consumer Services
U.S. Bancorp,USB^H,n/a,0.32,953.05,n/a
"Twenty-First Century Fox, Inc.",FOXA,$33.51B,1.58,296.94,Consumer Services
"Prudential Financial, Inc.",PRH,n/a,1.4,717.23,Finance
"Mednax, Inc",MD,$5.26B,0.98,519.22,Health Care
ADMA Biologics Inc,ADMA,$39.24M,0.93,890.71,Health Care
"Global Self Storage, Inc.",SELF,$38.25M,1.03,896.36,Consumer Services
MGM Growth Properties LLC,MGP,$1.68B,0.78,221.62,Consumer Services
icad inc.,ICAD,$68.61M,1.27,9.87,Health Care
Fluidigm Corporation,FLDM,$107.22M,0.89,203.46,Capital Goods
Aurinia Pharmaceuticals Inc,AUPH,$495.07M,1.82,919.02,Health Care
Enel Generacion Chile S.A.,EOCC,$6.28B,1.03,693.31,Public Utilities
Hutchison China MediTech Limited,HCM,$2.78B,0.72,325.8,Health Care
Public Storage,PSA^B,n/a,1.33,273.49,Consumer Services
"Wilhelmina International, Inc.",WHLM,$38.75M,1.45,751.19,Consumer Services
"Southern Missouri Bancorp, Inc.",SMBC,$235.72M,1.15,237.19,Finance
Voya Asia Pacific High Dividend Equity Income Fund,IAE,$126.72M,1.57,684.69,n/a
"Ohr Pharmaceuticals, Inc.",OHRP,$33.73M,1.15,649.9,Health Care
"Workday, Inc.",WDAY,$20.37B,0.76,965.18,Technology
Vantage Energy Acquisition Corp.,VEACW,n/a,0.48,779.74,Finance
"Digital Realty Trust, Inc.",DLR,$18.91B,0.15,829.99,Consumer Services
Monmouth Real Estate Investment Corporation,MNR^C,n/a,0.79,80.3,n/a
"Audentes Therapeutics, Inc.",BOLD,$463.59M,0.14,627.87,Health Care
"Fortune Brands Home & Security, Inc.",FBHS,$9.9B,1.4,149.64,Basic Industries
Emclaire Financial Corp,EMCF,$59.2M,0.36,446.53,Finance
Tecnoglass Inc.,TGLS,$308.09M,1.68,872.06,Consumer Durables
MER Telemanagement Solutions Ltd.,MTSL,$5.27M,1.18,685.71,Public Utilities
Capital Southwest Corporation,CSWC,$258.42M,0.24,321.24,n/a
"Dermira, Inc.",DERM,$1.19B,1.04,212.11,Health Care
"HopFed Bancorp, Inc.",HFBC,$100.76M,1.92,135.87,Finance
Boulevard Acquisition Corp. II,BLVD,$461.58M,0.68,762.41,Finance
Check-Cap Ltd.,CHEK,$29.39M,1.46,525.14,Health Care
Thomson Reuters Corp,TRI,$32.96B,1.98,31.72,Consumer Services
"China Ceramics Co., Ltd.",CCCL,$4.5M,1.55,459.2,Capital Goods
TD Ameritrade Holding Corporation,AMTD,$21.48B,1.11,775.85,Finance
Quinpario Acquisition Corp. 2,QPACU,n/a,1.66,795.15,Miscellaneous
"Core-Mark Holding Company, Inc.",CORE,$1.59B,0.89,582.08,Consumer Non-Durables
Southwestern Energy Company,SWN,$3.07B,0.81,311.18,Energy
"Altimmune, Inc.",ALT,$2.44M,1.99,308.69,Health Care
IAC/InterActiveCorp,IAC,$7.98B,1.23,157.95,Consumer Services
"First Interstate BancSystem, Inc.",FIBK,$2.13B,1.3,253.94,Finance
"Rexford Industrial Realty, Inc.",REXR^A,n/a,1.05,311.77,n/a
Clearwater Paper Corporation,CLW,$732.83M,0.79,6.29,Basic Industries
EVINE Live Inc.,EVLV,$67.58M,1.35,923.1,Consumer Services
Vanguard Russell 3000 ETF,VTHR,$333.23M,0.33,384.09,n/a
GGP Inc.,GGP^A,n/a,0.46,487.31,Consumer Services
"Perceptron, Inc.",PRCP,$68.49M,0.86,487.95,Capital Goods
"Lydall, Inc.",LDL,$907.09M,1.14,288.19,Capital Goods
"Timberland Bancorp, Inc.",TSBK,$177.78M,0.51,641.71,Finance
"Carrols Restaurant Group, Inc.",TAST,$450.72M,1.24,729.04,Consumer Services
"Zafgen, Inc.",ZFGN,$99.64M,1.81,897.66,Health Care
Navient Corporation,NAVI,$4.33B,0.81,176.4,Finance
FedEx Corporation,FDX,$56.28B,0.53,696.55,Transportation
VictoryShares Emerging Market Volatility Wtd ETF,CEZ,n/a,1.34,697.56,n/a
Allstate Corporation (The),ALL^A,n/a,0.01,365.63,n/a
"Blackrock MuniVest Fund II, Inc.",MVT,$337.68M,1.33,411.19,n/a
"Maximus, Inc.",MMS,$4.13B,1.04,604.81,Miscellaneous
"MoSys, Inc.",MOSY,$14.15M,1.91,789.47,Technology
"Reinsurance Group of America, Incorporated",RGA,$8.29B,1.58,616.08,Finance
Resolute Energy Corporation,REN           ,$684.03M,1.9,978.83,Energy
Rice Energy Inc.,RICE,$4.04B,0.53,482.42,Energy
"Clear Channel Outdoor Holdings, Inc.",CCO,$1.54B,0.4,272.41,Consumer Services
Signature Bank,SBNYW,n/a,0.35,843.48,Finance
"NuVasive, Inc.",NUVA,$3.95B,0.91,695.96,Health Care
Park-Ohio Holdings Corp.,PKOH,$480.35M,1.7,250.76,Capital Goods
"Equity Lifestyle Properties, Inc.",ELS,$7.49B,1.34,426.43,Consumer Services
"Kinsale Capital Group, Inc.",KNSL,$780.46M,1.65,435.75,Finance
Mobile TeleSystems OJSC,MBT,$8.63B,1.61,454.59,Public Utilities
"PhaseRx, Inc.",PZRX,$12.16M,0.44,774.2,Health Care
"Ashford Hospitality Prime, Inc.",AHP,$313.01M,1.36,836.78,Consumer Services
First Trust Japan AlphaDEX Fund,FJP,$57.72M,0.25,360.71,n/a
Sirius XM Holdings Inc.,SIRI,$24.14B,1.68,398.64,Consumer Services
Eagle Point Credit Company Inc.,ECCA,n/a,0.88,482.74,n/a
Shenandoah Telecommunications Co,SHEN,$1.58B,0.48,914.04,Public Utilities
Atomera Incorporated,ATOM,$52.17M,0.62,110.96,Technology
"Innovative Solutions and Support, Inc.",ISSC,$67.47M,1.83,966.94,Technology
XOMA Corporation,XOMA,$48.4M,1.26,637.63,Health Care
"Globus Medical, Inc.",GMED,$3.17B,1.11,516.8,Health Care
M&T Bank Corporation,MTB^C,n/a,1.83,899.65,n/a
"Aerie Pharmaceuticals, Inc.",AERI,$1.8B,1.45,385.37,Health Care
PowerShares S&P SmallCap Information Technology Portfolio,PSCT,$534.38M,1.04,349.54,n/a
IXYS Corporation,IXYS,$513.83M,1.2,123.63,Technology
VALE S.A.,VALE.P,n/a,0.23,190.35,n/a
Nymox Pharmaceutical Corporation,NYMX,$192.72M,0.58,58.04,Health Care
Flaherty & Crumrine Preferred Income Fund Incorporated,PFD,$173.59M,1.87,637.15,n/a
DDR Corp.,DDR^A,n/a,1.34,877.59,n/a
"Cytokinetics, Incorporated",CYTK,$614.08M,1.47,713.58,Health Care
OUTFRONT Media Inc.,OUT,$3.27B,1.51,286.39,Consumer Services
Willis Towers Watson Public Limited Company,WLTW,$20.23B,0.93,289.62,Finance
Destination Maternity Corporation,DEST,$64.48M,1.13,928.91,Consumer Services
"Commercial Vehicle Group, Inc.",CVGI,$235.35M,1.02,272.26,Capital Goods
TAT Technologies Ltd.,TATT,$95.35M,0.35,627.2,Capital Goods
Pengrowth Energy Corporation,PGH,$449.92M,1.34,892.94,Energy
"Micron Technology, Inc.",MU,$33.03B,1.53,218.72,Technology
"Taubman Centers, Inc.",TCO^J,n/a,0.39,520.83,n/a
Liberty Media Corporation,BATRA,n/a,0.99,689.15,Consumer Services
Saban Capital Acquisition Corp.,SCACU,n/a,0.36,17.96,n/a
Saban Capital Acquisition Corp.,SCACW,n/a,0.97,40.49,Finance
"Gores Holdings II, Inc.",GSHTU,n/a,0.44,287.1,Finance
"VistaGen Therapeutics, Inc.",VTGN,$15.62M,1.84,422.1,Health Care
"American National Bankshares, Inc.",AMNB,$330M,1.48,177.81,Finance
Gramercy Property Trust,GPT,$4.59B,1.74,890.5,Consumer Services
Kroger Company (The),KR,$20.34B,1.19,879.17,Consumer Services
LCNB Corporation,LCNB,$204.58M,0.3,847.29,Finance
Centrais Electricas Brasileiras S.A.- Eletrobras,EBR,$5.13B,0.81,218.38,Public Utilities
CytRx Corporation,CYTR,$87.43M,0.96,760.81,Health Care
Vornado Realty Trust,VNO^I,n/a,0.8,370.63,n/a
"AG Mortgage Investment Trust, Inc.",MITT,$518.09M,1.56,509.01,n/a
Yulong Eco-Materials Limited,YECO,$5.4M,0.26,721.6,Capital Goods
Bridgford Foods Corporation,BRID,$130.25M,0.7,358.93,Consumer Non-Durables
"Cutera, Inc.",CUTR,$323.6M,0.82,270.25,Health Care
Scorpio Tankers Inc.,STNG,$658.35M,0.38,921.31,Transportation
Cytosorbents Corporation,CTSO,$102.6M,1.24,863.47,Health Care
"PRA Group, Inc.",PRAA,$1.67B,0.84,63.47,Finance
"Carver Bancorp, Inc.",CARV,$12.93M,0.83,876.6,Finance
Cameco Corporation,CCJ,$3.63B,0.4,304.79,Basic Industries
"Royce Micro-Cap Trust, Inc.",RMT,$323.02M,0.49,955.59,n/a
Global X SuperDividend REIT ETF,SRET,$3.09M,1.26,864.28,n/a
Wells Fargo & Company,WFC^T,n/a,0.79,248.02,n/a
Domino's Pizza Inc,DPZ,$10.14B,0.73,574.01,Consumer Non-Durables
"Applied Industrial Technologies, Inc.",AIT,$2.35B,0.37,64.18,Consumer Durables
"Onvia, Inc.",ONVI,$30.65M,0.44,423.18,Miscellaneous
"DigitalGlobe, Inc",DGI,$1.96B,1.51,880.5,Consumer Services
"SG Blocks, Inc.",SGBX,"$87,854.20 ",0.33,354.67,n/a
"MercadoLibre, Inc.",MELI,$11.63B,0.11,383.56,Miscellaneous
Invesco California Value Municipal Income Trust,VCV,$609.33M,0.4,557.65,n/a
China Finance Online Co. Limited,JRJC,$44.17M,1.19,518.82,Finance
AbbVie Inc.,ABBV,$113.08B,0.54,998.79,Health Care
BlackRock Income Trust Inc. (The),BKT,$402.84M,1.68,820.99,n/a
PartnerRe Ltd.,PRE^F,n/a,1.35,931.83,n/a
"GenVec, Inc.",GNVC,$16.35M,1.73,41.58,Health Care
Embotelladora Andina S.A.,AKO.A,n/a,1.73,150.31,n/a
"Oil States International, Inc.",OIS,$1.49B,0.63,807.53,Energy
Regency Centers Corporation,REG^G,n/a,1.92,539.57,n/a
"Safe Bulkers, Inc",SB^C,n/a,1.59,895.99,n/a
Suncor Energy  Inc.,SU,$49.63B,1.75,402.51,Energy
Cousins Properties Incorporated,CUZ,$3.77B,0.8,538.99,Consumer Services
"Depomed, Inc.",DEPO,$592.24M,1.81,710.23,Health Care
Arbor Realty Trust,ABR,$515.96M,0.17,33.4,Consumer Services
"Southside Bancshares, Inc.",SBSI,$1.02B,1.59,542.07,Finance
"Banco Santander, S.A.",SAN^C,n/a,0.31,137.5,n/a
"Hallmark Financial Services, Inc.",HALL,$208.13M,0.89,288.37,Finance
Kornit Digital Ltd.,KRNT,$643.74M,1.92,581.61,Capital Goods
Resonant Inc.,RESN,$57.73M,0.77,423.7,Technology
Western Asset Global Corporate Defined Opportunity Fund Inc.,GDO,$267.88M,1.39,294.41,n/a
Nuveen New Jersey Quality Municipal Income Fund,NXJ,$589.8M,1.49,350.92,n/a
OceanFirst Financial Corp.,OCFC,$912.14M,0.5,259.69,Finance
"Limbach Holdings, Inc.",LMB,$88.11M,1.62,285.11,Basic Industries
CVS Health Corporation,CVS,$78.51B,1.16,944.71,Health Care
"Nova Lifestyle, Inc",NVFY,$37.75M,0.38,515.29,Consumer Durables
vTv Therapeutics Inc.,VTVT,$154.55M,1.71,161.84,Health Care
Forum Merger Corporation,FMCI,$217.09M,0.55,50.08,Finance
Comcast Corporation,CCZ,n/a,1.47,6,Consumer Services
"NCS Multistage Holdings, Inc.",NCSM,$1.01B,1.51,315.27,n/a
"Rigel Pharmaceuticals, Inc.",RIGL,$306.09M,0.74,207.98,Health Care
"Condor Hospitality Trust, Inc.",CDOR,$121.9M,1.46,346.68,Consumer Services
"Second Sight Medical Products, Inc.",EYESW,n/a,0.31,964.79,Health Care
"Dupont Fabros Technology, Inc.",DFT,$4.93B,1.35,241.94,Finance
Bel Fuse Inc.,BELFB,$312.96M,1.9,219,Capital Goods
"Dillard's, Inc.",DDS,$1.62B,1.2,700.43,Consumer Services
Whitestone REIT,WSR,$464.66M,0.87,910.39,Consumer Services
"NAPCO Security Technologies, Inc.",NSSC,$175.26M,1.84,264.93,Consumer Durables
"SeaChange International, Inc.",SEAC,$95.04M,1.77,996.04,Technology
"Kite Pharma, Inc.",KITE,$4.97B,0.82,236.07,Health Care
"Mammoth Energy Services, Inc.",TUSK,$750.72M,0.63,998.13,Energy
GP Strategies Corporation,GPX,$429.89M,1.95,727.52,Consumer Services
Nutraceutical International Corporation,NUTR,$384.67M,1.79,820.71,Consumer Durables
"Delek Logistics Partners, L.P.",DKL,$800.41M,0.54,48.59,Energy
"Big Lots, Inc.",BIG,$2.12B,1.05,184.5,Consumer Services
Saban Capital Acquisition Corp.,SCAC,$315.63M,1.11,44.78,Finance
"Value Line, Inc.",VALU,$176.62M,1.11,397.92,Finance
Athene Holding Ltd.,ATH,$9.79B,1.79,136.5,Finance
"First Community Financial Partners, Inc.",FCFP,$234.26M,0.97,331.92,Finance
Origo Acquisition Corporation,OACQR,n/a,1.95,379.35,Finance
"J.C. Penney Company, Inc. Holding Company",JCP,$1.56B,0.02,358.84,Consumer Services
"MVC Capital, Inc.",MVC,$219.02M,1.16,301.25,n/a
Corporate Asset Backed Corp CABCO,GYC,n/a,0.82,712.75,Finance
Nuveen High Income November 2021 Target Term Fund,JHB,$568.21M,1.75,421.73,n/a
Hamilton Lane Incorporated,HLNE,$956.82M,1.72,491.35,Finance
"Neos Therapeutics, Inc.",NEOS,$195.15M,0.75,673.89,Health Care
"American Assets Trust, Inc.",AAT,$1.89B,1.21,366.94,Consumer Services
Columbus McKinnon Corporation,CMCO,$615.54M,0.22,855.96,Capital Goods
CRH PLC,CRH,$30.09B,1.03,588.67,Capital Goods
"Landcadia Holdings, Inc.",LCAHU,n/a,0.4,2.03,Finance
Scotts Miracle-Gro Company (The),SMG,$5.23B,0.74,198.33,Basic Industries
"Teligent, Inc.",TLGT,$459.34M,0.6,617.98,Health Care
CGG,CGG,$117.97M,1.19,437.6,Energy
Alpine Global Premier Properties Fund,AWP,$532.95M,0.46,885.74,n/a
"MoSys, Inc.",MOSY,$14.15M,0.84,496.85,Technology
Reliance Steel & Aluminum Co.,RS,$5.28B,1.72,670.59,Basic Industries
"Buckle, Inc. (The)",BKE,$847.52M,1.61,946.17,Consumer Services
"Sigma Labs, Inc.",SGLB,$11.29M,1.49,289.87,Consumer Durables
iPath US Treasury 5-year Bear ETN,DFVS,$1.25M,1.55,113.59,Finance
"Summit Hotel Properties, Inc.",INN,$1.97B,1.88,122.08,Consumer Services
Costamare Inc.,CMRE^D,n/a,0.94,960.41,n/a
News Corporation,NWS,$8.23B,1.07,800.95,Consumer Services
"Impax Laboratories, Inc.",IPXL,$1.02B,1.78,595.23,Health Care
Green Dot Corporation,GDOT,$1.97B,1.62,831.13,Finance
Forward Air Corporation,FWRD,$1.6B,0.33,999.37,Transportation
"Aerohive Networks, Inc.",HIVE,$269.48M,0.95,111.46,Technology
Whiting Petroleum Corporation,WLL,$2.15B,0.42,200.31,Energy
Nuveen AMT-Free Municipal Value Fund,NUV,$2.09B,0.8,147.74,n/a
"TerraForm Power, Inc.",TERP,$1.71B,0.21,165.52,Public Utilities
VelocityShares VIX Short-Term ETN,VIIX,$12.81M,0.36,326.01,Finance
Pope Resources,POPE,$320.19M,0.31,169.82,Consumer Non-Durables
Eagle Materials Inc,EXP,$4.55B,1.25,686.96,Capital Goods
First Trust High Yield Long/Short ETF,HYLS,$1.23B,0.1,23.39,n/a
Phibro Animal Health Corporation,PAHC,$1.43B,0.14,120.56,Health Care
"Dr Pepper Snapple Group, Inc",DPS,$17.14B,0.9,797.47,Consumer Non-Durables
Vornado Realty Trust,VNO^G,n/a,1.89,300.76,n/a
VALE S.A.,VALE,$40.61B,0.74,36.78,Basic Industries
GasLog LP.,GLOG^A,n/a,1.06,597.84,n/a
Dolby Laboratories,DLB,$5.04B,0.88,295.06,Miscellaneous
"Ocean Bio-Chem, Inc.",OBCI,$37.26M,1.49,935.8,Consumer Durables
Phillips 66 Partners LP,PSXP,$5.04B,0.34,250.65,Energy
"Codorus Valley Bancorp, Inc",CVLY,$225.47M,1.65,929.1,Finance
Conduent Incorporated,CNDT,$3.33B,0.39,729.53,Miscellaneous
VOXX International Corporation,VOXX,$169.12M,0.85,420.65,Consumer Non-Durables
"J. Jill, Inc.",JILL,$566.1M,0.03,116.13,Consumer Non-Durables
Nuveen Municipal 2021 Target Term Fund,NHA,$84.71M,0.07,455.66,n/a
J P Morgan Chase & Co,JPM^A,n/a,0.26,27.72,Finance
Duke Realty Corporation,DRE,$10.25B,0.33,323.51,Consumer Services
Harmony Gold Mining Company Limited,HMY,$734.96M,1.48,16.64,Basic Industries
"FlexShopper, Inc.",FPAY,$22.21M,1.8,532.78,Technology
Invesco High Income 2023 Target Term Fund,IHIT,$238.94M,1.08,184.35,n/a
IRSA Inversiones Y Representaciones S.A.,IRS,$1.38B,0.21,689.11,Consumer Services
First Trust Dorsey Wright Focus 5 ETF,FV,$2.46B,1.33,432.57,n/a
LATAM Airlines Group S.A.,LTM,$6.79B,0.67,61.38,Transportation
XOMA Corporation,XOMA,$48.4M,0.12,472.9,Health Care
"Cellectar Biosciences, Inc.",CLRBZ,n/a,1.92,268.59,Health Care
Tsakos Energy Navigation Ltd,TNP,$366.58M,0.37,153.04,Transportation
"Nature's Sunshine Products, Inc.",NATR,$249.94M,0.03,783.01,Health Care
Scorpio Bulkers Inc.,SLTB,n/a,0.06,59.41,Transportation
Walt Disney Company (The),DIS,$165.11B,1.78,732.81,Consumer Services
Protective Life Corporation,PL^E,n/a,1.02,313.15,n/a
CyberArk Software Ltd.,CYBR,$1.67B,1.4,339.91,Technology
ITUS Corporation,ITUS,$14.36M,1.48,68.73,Miscellaneous
Ivy High Income Opportunities Fund,IVH,$257.12M,1.75,153.51,n/a
Charles & Colvard Ltd,CTHR,$19.68M,1.21,49.49,Consumer Durables
ARRIS International plc,ARRS,$5.44B,0.01,738.25,Technology
Allstate Corporation (The),ALL^C,n/a,1.89,156.29,n/a
"Crocs, Inc.",CROX,$537.11M,1.85,548.48,Consumer Non-Durables
WisdomTree Strategic Corporate Bond Fund,CRDT,$7.84M,1.68,47.46,n/a
Nuveen Floating Rate Income Fund,JFR,$663.3M,0.63,718.87,n/a
Arbor Realty Trust,ABR^A,n/a,0.8,403.72,n/a
Capital Bank Financial Corp.,CBF,$1.99B,1.64,722.23,Finance
"IDEXX Laboratories, Inc.",IDXX,$14.16B,0.55,979.85,Health Care
"MasTec, Inc.",MTZ,$3.69B,0.02,388.57,Basic Industries
Qwest Corporation,CTZ,n/a,1.27,848.37,Public Utilities
Voya Asia Pacific High Dividend Equity Income Fund,IAE,$126.72M,0.78,79.97,n/a
"American Financial Group, Inc.",AFA,n/a,0.26,621.99,Finance
"Kforce, Inc.",KFRC,$498.13M,1.64,223.76,Technology
"National CineMedia, Inc.",NCMI,$493.54M,0.6,427.69,Consumer Services
"Lakeland Bancorp, Inc.",LBAI,$937.55M,1.22,158.7,Finance
Pacific Mercantile Bancorp,PMBC,$198.16M,0.2,840.63,Finance
Marriot Vacations Worldwide Corporation,VAC,$3.28B,0.07,349.93,Finance
"DineEquity, Inc",DIN,$775.3M,0.04,66,Consumer Services
"American Airlines Group, Inc.",AAL,$24.03B,1.94,336.93,Transportation
Gramercy Property Trust Inc.,GPT^A,n/a,0.84,672.65,n/a
"PDF Solutions, Inc.",PDFS,$527.78M,1.87,968.15,Technology
American Homes 4 Rent,AMH^F,n/a,1.91,568.66,n/a
"Instructure, Inc.",INST,$751.86M,0.61,734.77,Technology
Digimarc Corporation,DMRC,$395.82M,1.29,834.81,Technology
Modine Manufacturing Company,MOD,$833.83M,1.04,272.99,Capital Goods
ChannelAdvisor Corporation,ECOM          ,$305.43M,0.16,22.75,Technology
Tribune Media Company,TRCO,$3.57B,1.55,606.26,Consumer Services
PIMCO Dynamic Credit and Mortgage Income Fund,PCI,$3.02B,1.09,763.54,n/a
Magal Security Systems Ltd.,MAGS,$116.83M,1.36,659.9,Consumer Durables
Long Island Iced Tea Corp.,LTEA,$48.2M,0.26,830.86,Consumer Non-Durables
"American Axle & Manufacturing Holdings, Inc.",AXL,$1.62B,1.73,255.31,Capital Goods
CPFL Energia S.A.,CPL,$8.14B,1.9,88.99,Public Utilities
"Concert Pharmaceuticals, Inc.",CNCE,$299.64M,1.38,663.5,Health Care
"Shoe Carnival, Inc.",SCVL,$345.67M,1.2,884.59,Consumer Services
Ingredion Incorporated,INGR,$8.52B,1.41,350.03,Consumer Non-Durables
Silicom Ltd,SILC,$347.78M,1.51,759.24,Technology
"Coastway Bancorp, Inc.",CWAY,$91.14M,0.77,313.63,Finance
Southern Copper Corporation,SCCO,$26.62B,0.85,505.86,Basic Industries
Federated Premier Municipal Income Fund,FMN,$89.57M,1.02,883.56,n/a
CVS Health Corporation,CVS,$78.51B,1.25,555.8,Health Care
"Opko Health, Inc.",OPK,$3.65B,0.75,807.62,Health Care
Liberty Broadband Corporation,LBRDA,$15.85B,1.5,513.74,Consumer Services
"Tortoise MLP Fund, Inc.",NTG,$854.52M,1.18,551.33,n/a
"Oaktree Capital Group, LLC",OAK,$7.36B,1.74,937.52,Finance
Costamare Inc.,CMRE^D,n/a,1.34,781.79,n/a
PCSB Financial Corporation,PCSB,$324.79M,0.84,225.46,Finance
"Controladora Vuela Compania de Aviacion, S.A.B. de C.V.",VLRS,$1.44B,1.46,900.15,Transportation
Fanhua Inc.,FANH,$554.47M,0.37,258.6,Finance
J P Morgan Chase & Co,JPM,$306.18B,1.82,135.74,Finance
Vertex Pharmaceuticals Incorporated,VRTX,$30.67B,1.99,866.36,Health Care
Bellatrix Exploration Ltd,BXE,$152.93M,1.46,21.16,Energy
"Niagara Mohawk Holdings, Inc.",NMK^C,n/a,0.2,570.04,Public Utilities
"Stanley Furniture Company, Inc.",STLY,$18.34M,0.95,30.2,Consumer Durables
"Sabra Healthcare REIT, Inc.",SBRAP,$146.63M,0.54,889.16,Consumer Services
United Technologies Corporation,UTX,$96.49B,1.69,722.19,Capital Goods
Chemours Company (The),CC,$6.77B,1.34,412.47,Basic Industries
"Validus Holdings, Ltd.",VR^A,n/a,0.51,916.98,n/a
International Game Technology,IGT,$3.68B,1.82,948.16,Consumer Services
PowerShares DWA SmallCap Momentum Portfolio,DWAS,$182.87M,1.7,841.31,n/a
"Shoe Carnival, Inc.",SCVL,$345.67M,1.57,596.53,Consumer Services
"AmTrust Financial Services, Inc.",AFST,n/a,0.06,440.78,Finance
VelocityShares Daily 2x VIX Medium-Term ETN,TVIZ,$2.21M,1.36,682.28,Finance
Sony Corp Ord,SNE,$47.14B,1.34,27.56,Consumer Non-Durables
Cytosorbents Corporation,CTSO,$102.6M,0.03,553.76,Health Care
Andina Acquisition Corp. II,ANDAR,n/a,0.15,561.36,Finance
"Integrated Device Technology, Inc.",IDTI,$3.26B,1.16,670.66,Technology
Alphabet Inc.,GOOGL,$663.12B,1.78,736.58,Technology
Skyline Medical Inc.,SKLN,$9.9M,1.81,795.07,Health Care
Accenture plc,ACN,$81.78B,1.58,679.02,Miscellaneous
"Voyager Therapeutics, Inc.",VYGR,$263.7M,0.2,695.84,Health Care
Vanguard Global ex-U.S. Real Estate ETF,VNQI,$4.39B,1.05,158.7,n/a
"CoreLogic, Inc.",CLGX,$3.61B,0.56,712.6,Technology
LPL Financial Holdings Inc.,LPLA,$3.74B,0.06,899.76,Finance
RiceBran Technologies,RIBT,$9.62M,1.26,874.74,Consumer Non-Durables
ContraFect Corporation,CFRX,$47.9M,1.96,900.95,Health Care
"Yatra Online, Inc.",YTRA,$398.74M,0.74,714.63,Consumer Services
"Power Integrations, Inc.",POWI,$1.89B,0.12,67.82,Technology
Cooper-Standard Holdings Inc.,CPS,$1.86B,1.82,161.41,Capital Goods
"Ohr Pharmaceuticals, Inc.",OHRP,$33.73M,0.72,78.44,Health Care
"Willdan Group, Inc.",WLDN,$256.36M,0.66,161.9,Consumer Services
Crawford & Company,CRD.A,n/a,0.12,375.23,n/a
Blue Capital Reinsurance Holdings Ltd.,BCRH,$169.43M,0.47,180.23,Finance
HNI Corporation,HNI,$1.75B,1.24,842.64,Consumer Durables
"Hostess Brands, Inc.",TWNK,$2.09B,1.13,101.71,Consumer Non-Durables
"PNM Resources, Inc. (Holding Co.)",PNM,$3.17B,0.63,275.56,Public Utilities
"Verifone Systems, Inc.",PAY,$1.93B,0.75,396.92,Miscellaneous
"Fidelity National Financial, Inc.",FNFV,$5.09B,1.74,787.69,Finance
Knowles Corporation,KN,$1.54B,0.08,983.06,Consumer Non-Durables
El Paso Electric Company,EE,$2.17B,1.57,986.85,Public Utilities
Cabela's Inc,CAB,$3.94B,0.18,503.46,Consumer Services
"Stanley Black & Decker, Inc.",SWK,$21.61B,0.24,818.76,Capital Goods
Pebblebrook Hotel Trust,PEB,$2.33B,1.19,671.89,Consumer Services
State Street Corporation,STT^C,n/a,1.28,963.38,n/a
"Teradyne, Inc.",TER,$6.47B,0.29,66.92,Capital Goods
Invesco Trust  for Investment Grade New York Municipal,VTN,$268.02M,1.89,503.86,n/a
"Cornerstone OnDemand, Inc.",CSOD,$2.09B,1.64,347.25,Technology
"Orchid Island Capital, Inc.",ORC,$350.52M,0.98,572.47,Consumer Services
Tekla Healthcare Opportunies Fund,THQ,$772.41M,1.16,378.49,n/a
Fang Holdings Limited,SFUN,$1.54B,1.15,581.77,Technology
"Viveve Medical, Inc.",VIVE,$152.9M,0.13,544.35,Health Care
Fluor Corporation,FLR,$6.3B,0.05,938.22,Basic Industries
"Atlantic Capital Bancshares, Inc.",ACBI,$482.16M,1.91,922.6,Finance
National Instruments Corporation,NATI,$5.07B,0.55,497.6,Technology
"Dupont Fabros Technology, Inc.",DFT^C,n/a,0.08,261.61,n/a
Regal Entertainment Group,RGC,$3.36B,1.55,318.99,Consumer Services
Internap Corporation,INAP,$273.47M,1.86,503.6,Technology
Plumas Bancorp,PLBC,$95.92M,0.87,745.25,Finance
"MobileIron, Inc.",MOBL,$571.52M,1.37,189.05,Technology
"Cleantech Solutions International, Inc.",CLNT,$6.29M,0.29,246.11,Technology
Marathon Oil Corporation,MRO,$10.64B,0.39,642.34,Energy
Enel Generacion Chile S.A.,EOCC,$6.28B,0.48,417.96,Public Utilities
Astronics Corporation,ATRO,$883.27M,0.09,48.4,Capital Goods
Immuron Limited,IMRNW,n/a,0.21,982.12,Health Care
Legg Mason Emerging Markets Diversified Core ETF,EDBI,n/a,1.66,7.42,n/a
"PGT Innovations, Inc.",PGTI,$610.36M,1.5,690.59,Capital Goods
INVESCO MORTGAGE CAPITAL INC,IVR,$1.9B,1.71,567.18,Consumer Services
Washington Prime Group Inc.,WPG^I,n/a,0.28,414.41,n/a
"Caleres, Inc.",CAL,$1.15B,1.22,253.68,Consumer Non-Durables
"Waddell & Reed Financial, Inc.",WDR,$1.56B,0.76,484.66,Finance
Unico American Corporation,UNAM,$49.09M,1.94,555.31,Finance
"Continental Resources, Inc.",CLR,$12.39B,1.18,352.79,Energy
Federal Agricultural Mortgage Corporation,AGM,$719.35M,0.98,476.65,Finance
Public Storage,PSA^F,n/a,1.09,760.97,Consumer Services
Platform Specialty Products Corporation,PAH,$3.52B,0.79,788.07,Basic Industries
Astrazeneca PLC,AZN,$87.46B,1.57,493.13,Health Care
Scana Corporation,SCG,$10.18B,0.09,925.75,Public Utilities
"BMC Stock Holdings, Inc.",BMCH,$1.48B,0.63,107.1,Consumer Services
"Commerce Bancshares, Inc.",CBSHP,$2.4B,1.4,728.74,Finance
Fairmount Santrol Holdings Inc.,FMSA,$882.34M,1.97,559.63,Basic Industries
Entergy Texas Inc,EZT,n/a,0.45,208.78,Public Utilities
"Hortonworks, Inc.",HDP,$842.24M,1.9,490.99,Technology
Noah Holdings Ltd.,NOAH,$1.51B,1.33,735.84,Finance
GP Investments Acquisition Corp.,GPIAU,n/a,1.97,13.7,Consumer Durables
Georgia Power Company,GPE^A,n/a,0.8,19.5,Public Utilities
Nuveen Floating Rate Income Opportuntiy Fund,JRO,$461.83M,0.39,344.36,n/a
"Validus Holdings, Ltd.",VR,$4.21B,0.45,676.26,Finance
EQT Corporation,EQT,$10.19B,0.99,347.86,Energy
"Myers Industries, Inc.",MYE,$551.95M,1.04,451.43,Consumer Non-Durables
"Customers Bancorp, Inc",CUBI,$875.28M,0,179.29,Finance
Ikonics Corporation,IKNX,$16.39M,0.9,486.19,Miscellaneous
United States Cellular Corporation,UZA,n/a,1.17,431.05,Public Utilities
Nuveen Global High Income Fund,JGH,$386.58M,0.8,714.4,n/a
State Street Corporation,STT,$33.2B,0.19,307.88,Finance
"Sound Financial Bancorp, Inc.",SFBC,$74.25M,1.34,400.38,Finance
Mesa Royalty Trust,MTR,$22.46M,1.38,471.45,Energy
"I.D. Systems, Inc.",IDSY,$87.7M,1.28,497.31,Consumer Durables
Geospace Technologies Corporation,GEOS,$207.39M,0.47,387.89,Capital Goods
Royal Bank Of Canada,RY^S,n/a,1,277.09,n/a
Navistar International Corporation,NAV,$2.61B,1.08,161.39,Capital Goods
Pengrowth Energy Corporation,PGH,$449.92M,0.61,574.16,Energy
"Summit Midstream Partners, LP",SMLP,$1.7B,1.05,745.09,Public Utilities
Jensyn Acquistion Corp.,JSYNW,n/a,1.63,610.06,Finance
NCR Corporation,NCR,$4.82B,0.8,338.37,Miscellaneous
RenaissanceRe Holdings Ltd.,RNR^C,n/a,1.91,305.06,n/a
"Liquidity Services, Inc.",LQDT,$201.51M,1.26,262.25,Miscellaneous
Cemtrex Inc.,CETX,$32.63M,0.78,502.04,Capital Goods
Finisar Corporation,FNSR,$3.1B,0.32,485.04,Technology
Fibria Celulose S.A.,FBR,$6.18B,1.54,180.61,Basic Industries
Genuine Parts Company,GPC,$14.09B,0.09,5.24,Capital Goods
Horizons NASDAQ-100 Covered Call ETF,QYLD,$19.06M,0.59,303.88,n/a
Diana Shipping inc.,DSX^B,n/a,1.51,258.11,n/a
Ares Capital Corporation,ARU.CL,n/a,0.14,557.09,n/a
iShares MSCI Europe Financials Sector Index Fund,EUFN,$1.15B,1.92,71,n/a
"Cellectar Biosciences, Inc.",CLRB,$21.4M,0.72,671.18,Health Care
LiNiu Technology Group,LINU,$40.17M,0.03,98.91,Consumer Services
Foresight Energy LP,FELP,$703.44M,0.26,487.74,Energy
"Ambac Financial Group, Inc.",AMBC,$721.4M,1.63,938.94,Finance
Neonode Inc.,NEON,$60.57M,2,512.2,Capital Goods
"USA Technologies, Inc.",USATP,$10.91M,1.42,103.23,Miscellaneous
IRSA Inversiones Y Representaciones S.A.,IRS,$1.38B,0.12,674.51,Consumer Services
"Wheeler Real Estate Investment Trust, Inc.",WHLR,$85.97M,1.8,32.85,Consumer Services
Athene Holding Ltd.,ATH,$9.79B,1.85,882.32,Finance
"Goldman Sachs BDC, Inc.",GSBD,$907.67M,1.62,251.4,n/a
TCP Capital Corp.,TCPC,$985.94M,1.27,508,n/a
Coca Cola Femsa S.A.B. de C.V.,KOF,$17.31B,1.65,189,Consumer Non-Durables
Janus Henderson Group plc,JHG,$367.06M,0.16,876.41,Finance
PIMCO Municipal Income Fund III,PMX,$383.96M,0.74,149.2,n/a
Logitech International S.A.,LOGI,$6B,1.38,955.8,Technology
Pacific Premier Bancorp Inc,PPBI,$1.45B,0.29,363.91,Finance
Cohen & Steers Quality Income Realty Fund Inc,RQI,$1.4B,0.46,142.64,n/a
"Chart Industries, Inc.",GTLS,$1.07B,1.04,449.72,Capital Goods
Global Indemnity Limited,GBLI,$727.71M,0.69,857.77,Finance
"PROS Holdings, Inc.",PRO,$847.46M,1.68,352.25,Technology
"Castlight Health, inc.",CSLT,$509.01M,0.96,120.98,Technology
"B. Riley Financial, Inc.",RILY,$410.14M,1.62,694.33,Miscellaneous
"United Natural Foods, Inc.",UNFI,$1.79B,0.17,992.72,Consumer Non-Durables
"Duff & Phelps Utility & Corporate Bond Trust, Inc.",DUC,$254.6M,1.83,360.19,n/a
NASDAQ TEST STOCK,NTEST.A,n/a,1.62,247.88,n/a
AZZ Inc.,AZZ,$1.47B,1.27,307.04,Consumer Durables
Enstar Group Limited,ESGR,$3.84B,1.38,399,Finance
Companhia Paranaense de Energia (COPEL),ELP,$2.11B,0.59,926.18,Public Utilities
Trinity Biotech plc,TRIB,$142.56M,0.62,132.83,Health Care
"Oppenheimer Holdings, Inc.",OPY,$219.09M,0.14,800.42,Finance
ASA Gold and Precious Metals Limited,ASA,$222.22M,0.98,455.68,n/a
Corning Incorporated,GLW,$27.06B,1.46,139.65,Basic Industries
Brink's Company (The),BCO,$3.32B,1.69,493.98,Transportation
"Customers Bancorp, Inc",CUBI,$875.28M,1.82,737.59,Finance
Check Point Software Technologies Ltd.,CHKP,$18.26B,1.6,484.08,Technology
SPX Corporation,SPXC,$1.06B,1.88,470.68,Technology
"Rubicon Technology, Inc.",RBCN,$24.45M,0.83,721.06,Technology
"Morgan Stanley Emerging Markets Debt Fund, Inc.",MSD,$213.38M,1.57,441.55,n/a
Teradata Corporation,TDC,$3.66B,1.5,453.92,Technology
"WPX Energy, Inc.",WPXP,n/a,0.72,83.88,Energy
Shaw Communications Inc.,SJR,$10.72B,0.41,7.12,Consumer Services
Caesars Entertainment Corporation,CZR,$1.83B,1.37,684.69,Consumer Services
Citizens & Northern Corp,CZNC,$287.82M,1.18,329.4,Finance
Vanguard Total International Stock ETF,VXUS,$8.57B,1,648.52,n/a
Celyad SA,CYAD,$445M,1.09,503.6,Health Care
Education Realty Trust Inc.,EDR,$2.88B,0.88,586.5,Consumer Services
"New York Community Bancorp, Inc.",NYCB^U,n/a,1.05,832.37,n/a
Global Indemnity Limited,GBLI,$727.71M,0.91,760.62,Finance
"Innophos Holdings, Inc.",IPHS,$854.42M,0.39,787.33,Consumer Durables
MSB Financial Corp.,MSBF,$99.4M,0.06,822.6,Finance
Innocoll Holdings,INNL,$888.93M,0.09,960.47,Health Care
Kayne Anderson Acquisition Corp.,KAAC,$459.39M,0,427.76,Finance
Getty Realty Corporation,GTY,$896.38M,1.87,25.44,Finance
"WellCare Health Plans, Inc.",WCG,$7.77B,0.15,187.14,Health Care
"Entergy Arkansas, Inc.",EAE,n/a,0.22,484.05,Public Utilities
"American Electric Technologies, Inc.",AETI,$12.31M,0.65,88.79,Energy
Potash Corporation of Saskatchewan Inc.,POT,$14.1B,0.46,797.26,Basic Industries
W.R. Grace & Co.,GRA,$4.82B,1.2,310.58,Basic Industries
"Blackrock MuniHoldings Quality Fund, Inc.",MUS,$177.4M,1.88,91.14,n/a
"Daktronics, Inc.",DAKT,$426.37M,0.3,871.89,Consumer Durables
Cincinnati Financial Corporation,CINF,$12.15B,1.73,613.44,Finance
"Alliance Holdings GP, L.P.",AHGP,$1.37B,0.96,342.96,Energy
Nano Dimension Ltd.,NNDM,$60.98M,0.42,832.9,Technology
"Bazaarvoice, Inc.",BV,$397.33M,0.99,657.98,Technology
Coty Inc.,COTY,$14.24B,1.75,579.79,Consumer Non-Durables
Forum Merger Corporation,FMCIW,n/a,0.42,631.43,Finance
Pimco Global Stocksplus & Income Fund,PGP,$190.99M,1.65,688.37,n/a
Graphic Packaging Holding Company,GPK,$4.08B,0.62,549.09,Consumer Durables
Invesco Municipal Income Opportunities Trust,OIA,$376.32M,1.26,89.23,n/a
Mesa Royalty Trust,MTR,$22.46M,1.03,30.24,Energy
WisdomTree U.S. Quality Dividend Growth Fund,DGRW,$1.45B,0.43,387.3,n/a
Vantage Energy Acquisition Corp.,VEACU,n/a,1.97,983.34,Finance
Vista Outdoor Inc.,VSTO,$1.35B,0.43,982.71,Capital Goods
"Henry Schein, Inc.",HSIC,$14.5B,1.68,703.72,Health Care
Enterprise Financial Services Corporation,EFSC,$965.1M,1.39,507.11,Finance
"Blackhawk Network Holdings, Inc.",HAWK,$2.32B,0.02,483.39,Finance
Five Oaks Investment Corp.,OAKS,$80.86M,1.56,594.15,Consumer Services
CMS Energy Corporation,CMS^B,n/a,0.46,71.46,Public Utilities
New Residential Investment Corp.,NRZ,$5.14B,0.13,838.42,Consumer Services
"Daktronics, Inc.",DAKT,$426.37M,0.53,72.76,Consumer Durables
WVS Financial Corp.,WVFC,$31.32M,0.34,642.2,Finance
Farmers National Banc Corp.,FMNB,$395.17M,1.28,672.26,Finance
"Medical Transcription Billing, Corp.",MTBCP,$7.52M,1.17,155.82,Technology
"Intuitive Surgical, Inc.",ISRG,$33.7B,1.84,18.17,Health Care
"Reinsurance Group of America, Incorporated",RZA,n/a,0.31,444.62,Finance
Trustmark Corporation,TRMK,$2.24B,0.35,532.96,Finance
Axalta Coating Systems Ltd.,AXTA,$8.17B,0.73,944.5,Basic Industries
Enel Americas S.A.,ENIA,$10.9B,0.29,763.69,Public Utilities
Targa Resources Partners LP,NGLS^A,n/a,0.16,356.36,n/a
"Titan International, Inc.",TWI,$698.59M,0.82,525.35,Basic Industries
"Amazon.com, Inc.",AMZN,$472.1B,1.16,581.18,Consumer Services
"21Vianet Group, Inc.",VNET,$617.53M,0.33,98.44,Technology
First Trust Senior Loan Fund ETF,FTSL,$1.28B,0.95,945.01,n/a
Allergan plc.,AGN^A,n/a,0.64,752.94,n/a
"American National Bankshares, Inc.",AMNB,$330M,0.11,584.61,Finance
"China Jo-Jo Drugstores, Inc.",CJJD,$44.38M,1.19,15.89,Consumer Durables
Telefonica Brasil S.A.,VIV,$23.59B,0.57,950.68,Public Utilities
PowerShares S&P SmallCap Financials Portfolio,PSCF,$243.51M,0.16,484.63,n/a
Approach Resources Inc.,AREX,$233.83M,0.77,329.13,Energy
"RF Industries, Ltd.",RFIL,$14.58M,0.62,63.85,Capital Goods
"Alexandria Real Estate Equities, Inc.",ARE^D,n/a,0.03,637.03,n/a
"ViewRay, Inc.",VRAY,$370.12M,1.54,356.64,Health Care
Genco Shipping & Trading Limited Warrants Expiring 12/31/2021 ,GNK,$323.86M,1.6,549.36,Transportation
"Collegium Pharmaceutical, Inc.",COLL,$312.26M,0.76,874.14,Health Care
FinTech Acquisition Corp. II,FNTEU,n/a,1.11,242.82,Finance
Oracle Corporation,ORCL,$185.53B,0.85,784.74,Technology
"Athersys, Inc.",ATHX,$158.07M,1.86,348.04,Health Care
Eaton Vance Risk-Managed Diversified Equity Income Fund,ETJ,$601.02M,0.48,590.31,n/a
"CenterPoint Energy, Inc.",CNP,$12.45B,1.97,905.02,Public Utilities
Cementos Pacasmayo S.A.A.,CPAC,$979.51M,0.68,663.61,Capital Goods
"Shoe Carnival, Inc.",SCVL,$345.67M,0.85,485.53,Consumer Services
Vident Core U.S. Bond Strategy Fund,VBND,$428.97M,1.91,570.83,n/a
"Voyager Therapeutics, Inc.",VYGR,$263.7M,1.82,343.69,Health Care
RXi Pharmaceuticals Corporation,RXII,$12.79M,0.96,596.26,Health Care
Kennedy-Wilson Holdings Inc.,KW,$2.07B,0.67,50.95,Finance
R1 RCM Inc.,RCM,$419.06M,0.59,679.12,Consumer Services
"Tanger Factory Outlet Centers, Inc.",SKT,$2.49B,1.97,497.38,Consumer Services
"Ritter Pharmaceuticals, Inc.",RTTR,$9.14M,0.6,154.14,Health Care
Cameco Corporation,CCJ,$3.63B,0.98,678.36,Basic Industries
Cemtrex Inc.,CETXW,n/a,0.5,878.34,Capital Goods
Cincinnati Bell Inc,CBB^B,n/a,1.47,457.55,n/a
MFS Government Markets Income Trust,MGF,$162.35M,0.1,251.89,n/a
PowerShares DWA Healthcare Momentum Portfolio,PTH,$61.7M,1.01,146.89,n/a
Apache Corporation,APA,$18.85B,1.27,144.57,Energy
"Torchlight Energy Resources, Inc.",TRCH,$93.58M,1.47,289.59,Energy
"Live Nation Entertainment, Inc.",LYV,$7.49B,0.34,740.91,Consumer Services
Modern Media Acquisition Corp.,MMDM,n/a,0.59,314.59,Finance
Sonic Corp.,SONC,$1.2B,1.72,271.74,Consumer Services
Dynegy Inc.,DYNC,n/a,0.92,512.84,Public Utilities
Oxford Immunotec Global PLC,OXFD,$344.13M,1.45,595.83,Health Care
Chesapeake Granite Wash Trust,CHKR,$112.2M,1.37,433.57,Energy
Cameco Corporation,CCJ,$3.63B,1.96,4.38,Basic Industries
"TESARO, Inc.",TSRO,$7.77B,0.46,742.74,Health Care
"Autoliv, Inc.",ALV,$9.71B,0.32,899.66,Capital Goods
MGE Energy Inc.,MGEE,$2.36B,0.13,772.69,Energy
CA Inc.,CA,$13.23B,1.49,694.2,Technology
"First Midwest Bancorp, Inc.",FMBI,$2.64B,0.3,497.98,Finance
Sterling Bancorp,STL,$3.18B,0.67,117.46,Finance
"CapStar Financial Holdings, Inc.",CSTR,$196.97M,1.85,495.54,Finance
Good Times Restaurants Inc.,GTIM,$41.81M,1.06,719.73,Consumer Services
"Golden Entertainment, Inc.",GDEN,$462.74M,0.7,952.78,Consumer Services
Navistar International Corporation,NAV,$2.61B,1.26,223.73,Capital Goods
Fifth Street Finance Corp.,FSCE,n/a,1.09,716.31,n/a
"CareTrust REIT, Inc.",CTRE,$1.4B,0.83,735.26,Consumer Services
"Best Buy Co., Inc.",BBY,$16.97B,1.24,486.64,Consumer Services
"Electro-Sensors, Inc.",ELSE,$14.09M,0.92,743.84,Capital Goods
"Swiss Helvetia Fund, Inc. (The)",SWZ,$315.16M,0.94,794.5,n/a
Barington/Hilco Acquisition Corp.,BHACR,n/a,1.3,603.98,Finance
Saban Capital Acquisition Corp.,SCAC,$315.63M,1.89,489.89,Finance
Presbia PLC,LENS,$53.93M,0.89,501.69,Health Care
Hallador Energy Company,HNRG,$213.57M,1.66,354.17,Energy
Calpine Corporation,CPN,$4.86B,1.38,390.51,Public Utilities
AVX Corporation,AVX,$2.71B,0.83,912.09,Capital Goods
China Eastern Airlines Corporation Ltd.,CEA,$8.42B,1.95,65.01,Transportation
"Seattle Genetics, Inc.",SGEN,$9.21B,1.68,669.75,Health Care
"Stericycle, Inc.",SRCLP,n/a,1.49,430.4,Basic Industries
"Entergy Louisiana, Inc.",ELJ,n/a,0.28,36.49,Public Utilities
Vanguard Global ex-U.S. Real Estate ETF,VNQI,$4.39B,1.72,489.35,n/a
Gabelli NextShares Trust,FOANC,n/a,1.07,121.07,n/a
Diana Shipping inc.,DSXN,n/a,1.51,650.57,Transportation
"TrueCar, Inc.",TRUE,$1.75B,0.97,848.05,Technology
"Spirit Realty Capital, Inc.",SRC,$3.76B,1.71,821.94,Consumer Services
"Rand Logistics, Inc.",RLOG,$6.7M,0.93,631.18,Consumer Services
Blueprint Medicines Corporation,BPMC,$1.56B,1.39,216.01,Health Care
"ABIOMED, Inc.",ABMD,$6.28B,1.45,603.78,Health Care
Medovex Corp.,MDVXW,n/a,0.09,265.64,Health Care
"Westbury Bancorp, Inc.",WBB,$82.77M,1.93,985.52,Finance
"USANA Health Sciences, Inc.",USNA,$1.6B,1.16,590.5,Consumer Durables
Egalet Corporation,EGLT,$70.95M,0.15,159.68,Health Care
"United Dominion Realty Trust, Inc.",UDR,$10.75B,0.58,636.8,Consumer Services
"LTC Properties, Inc.",LTC,$1.98B,0.49,219.02,Consumer Services
Costamare Inc.,CMRE^D,n/a,1.9,618.53,n/a
MFS Government Markets Income Trust,MGF,$162.35M,0.84,407.07,n/a
"Paramount Group, Inc.",PGRE,$3.79B,0.17,81.24,Consumer Services
Welltower Inc.,HCN^I,n/a,0.73,6.9,n/a
"Bellicum Pharmaceuticals, Inc.",BLCM,$375.06M,0.89,765.1,Health Care
KB Home,KBH,$1.84B,0.42,802.99,Capital Goods
Double Eagle Acquisition Corp.,EAGLU,n/a,1.48,298.84,Finance
Emmis Communications Corporation,EMMS,$39.09M,0.23,973.31,Consumer Services
"Perficient, Inc.",PRFT,$612.6M,0.48,72.26,Technology
Superconductor Technologies Inc.,SCON,$17.48M,0.39,352.04,Technology
PennantPark Investment Corporation,PNNT,$531.54M,0.93,779.91,n/a
Harmony Merger Corp.,HRMN,$149.83M,1.91,925.95,Public Utilities
Westport Fuel Systems Inc,WPRT,$216.91M,0.8,56.46,Energy
Seanergy Maritime Holdings Corp,SHIPW,n/a,1.74,226.13,Transportation
The Cushing MLP Total Return Fund,SRV,$79.8M,0.32,63.62,n/a
Container Store (The),TCS,$277.68M,0.86,813.47,Consumer Services
EP Energy Corporation,EPE,$1.02B,1.84,842.16,Energy
Harmonic Inc.,HLIT,$430.84M,1.14,548.79,Technology
"Kinsale Capital Group, Inc.",KNSL,$780.46M,0.63,383.73,Finance
Zions Bancorporation,ZB^G,n/a,0.46,537.08,n/a
"Industrial Services of America, Inc.",IDSA,$10.9M,0.24,977.15,Consumer Durables
AllianzGI Equity & Convertible Income Fund,NIE,$543.65M,1.07,61.22,n/a
"PRA Health Sciences, Inc.",PRAH,$4.54B,1.41,491.14,Health Care
Masimo Corporation,MASI,$4.69B,0.89,617.91,Health Care
"Benchmark Electronics, Inc.",BHE,$1.65B,1.3,289.79,Technology
"Proteon Therapeutics, Inc.",PRTO,$20.13M,1.72,931.05,Health Care
"EQT Midstream Partners, LP",EQM,$5.64B,0.57,580.37,Public Utilities
Zoetis Inc.,ZTS,$30.7B,0.73,45.56,Health Care
Gladstone Capital Corporation,GLAD,$253.65M,2,832.93,n/a
Travelzoo,TZOO,$131.24M,1.54,73.27,Technology
Travelzoo,TZOO,$131.24M,1.7,134.95,Technology
Sony Corp Ord,SNE,$47.14B,0.91,300.42,Consumer Non-Durables
Lightbridge Corporation,LTBR,$15.36M,1.83,274.73,Consumer Services
"Rightside Group, Ltd.",full_name,$208.04M,1.63,290.11,Miscellaneous
Finisar Corporation,FNSR,$3.1B,0.53,929.76,Technology
Barclays PLC,BCS^D,n/a,0.36,45.65,n/a
Landmark Infrastructure Partners LP,LMRKO,n/a,1.71,185.61,Consumer Services
Strattec Security Corporation,STRT,$121.47M,0.84,831.79,Capital Goods
"ARMOUR Residential REIT, Inc.",ARR^B,n/a,1.2,782.35,n/a
"American Capital Senior Floating, Ltd.",ACSF,$125.5M,1.9,599.88,n/a
"Valeritas Holdings, Inc.",VLRX,$35.24M,0.31,59.28,Health Care
"Dunkin' Brands Group, Inc.",DNKN,$5.17B,0.22,16.14,Consumer Services
"Hennessy Advisors, Inc.",HNNA,$120.43M,1.09,659.17,Finance
"JPMorgan China Region Fund, Inc.",JFC,$128.5M,1.86,42.26,n/a
Ingevity Corporation,NGVT,$2.41B,1.6,717.73,Basic Industries
Nuvectra Corporation,NVTR,$132.49M,1.59,540.55,Health Care
Sussex Bancorp,SBBX,$119.06M,0.61,778.27,Finance
"CryoLife, Inc.",CRY,$615.32M,0.28,709.71,Health Care
"Intrepid Potash, Inc",IPI,$281.36M,1.73,798.51,Basic Industries
"Western Refining Logistics, LP",WNRL,$1.59B,0.47,904.59,Energy
First Defiance Financial Corp.,FDEF,$547.07M,1.35,10,Finance
"Micronet Enertec Technologies, Inc.",MICT,$6.89M,0.68,424.32,Capital Goods
Globus Maritime Limited,GLBS,$35.37M,1.44,679.67,Transportation
BioShares Biotechnology Clinical Trials Fund,BBC,$23.35M,0.21,397.68,n/a
Atkore International Group Inc.,ATKR,$1.39B,1.55,967.28,Miscellaneous
"Neenah Paper, Inc.",NP,$1.35B,0.84,781.5,Basic Industries
Jewett-Cameron Trading Company,JCTCF,$28.24M,1.32,766.76,Consumer Services
The AES Corporation,AES,$7.87B,1.74,291.06,Basic Industries
Anavex Life Sciences Corp.,AVXL,$221.78M,0.8,26.94,Health Care
"SunTrust Banks, Inc.",STI^A,n/a,1,314.47,n/a
"Templeton Global Income Fund, Inc.",GIM,$896.08M,0.42,633.71,n/a
Cincinnati Bell Inc,CBB,$804.76M,1.38,275.4,Public Utilities
"Continental Resources, Inc.",CLR,$12.39B,1.96,582.58,Energy
"Twin Disc, Incorporated",TWIN,$194.79M,1.86,588.15,Technology
"RPC, Inc.",RES,$4.58B,0.88,943.42,Energy
"CF Industries Holdings, Inc.",CF,$6.43B,1.29,582.43,Basic Industries
ARRIS International plc,ARRS,$5.44B,1.52,109.89,Technology
BioAmber Inc.,BIOA,$89.35M,1.89,360.57,Basic Industries
M III Acquisition Corp.,MIIIW,n/a,0.99,210.73,Finance
Vanguard Russell 2000 Value ETF,VTWV,$167.72M,1.62,533.53,n/a
"Conifer Holdings, Inc.",CNFR,$51.52M,0.05,485.34,Finance
Pacific Mercantile Bancorp,PMBC,$198.16M,1.78,488.94,Finance
"Alaska Air Group, Inc.",ALK,$10.97B,1.67,669.55,Transportation
Mistras Group Inc,MG,$617.06M,1.34,717.46,Consumer Services
"Lennox International, Inc.",LII,$8.05B,0.44,58.96,Capital Goods
"United Financial Bancorp, Inc. ",UBNK,$885.73M,1.32,765.87,Finance
Xinyuan Real Estate Co Ltd,XIN,$317.4M,0.99,276.23,Basic Industries
United Community Financial Corp.,UCFC,$433.25M,0.18,469.2,Finance
ePlus inc.,PLUS,$1.05B,0.74,630.05,Technology
Martin Midstream Partners L.P.,MMLP,$688.3M,1.23,420.84,Energy
"Templeton Dragon Fund, Inc.",TDF,$675.67M,1.31,920.66,n/a
"Bassett Furniture Industries, Incorporated",BSET,$342.51M,1.89,91.34,Consumer Durables
Hospitality Properties Trust,HPT,$5.04B,0.13,594.22,Consumer Services
"The Michaels Companies, Inc.",MIK,$3.53B,0.87,966.49,Consumer Services
Bel Fuse Inc.,BELFA,$252.29M,0.18,163.18,Capital Goods
VictoryShares US EQ Income Enhanced Volatility Wtd ETF,CDC,$28.55M,0.84,113.76,n/a
Harmony Merger Corp.,HRMN,$149.83M,1.33,499.81,Public Utilities
"Voyager Therapeutics, Inc.",VYGR,$263.7M,1.18,678.42,Health Care
InterXion Holding N.V.,INXN,$3.12B,0.54,697.2,Technology
Ashford Hospitality Trust Inc,AHT^A,n/a,0.4,208.57,n/a
"SunCoke Energy Partners, L.P.",SXCP,$790.37M,1.03,117.88,Basic Industries
"ASB Bancorp, Inc.",ASBB,$167.24M,1.15,669.46,Finance
Artesian Resources Corporation,ARTNA,$380.1M,1.92,205.67,Public Utilities
Gabelli Global Small and Mid Cap Value Trust (The),GGZ^A,n/a,1.47,445.64,n/a
Eagle Point Credit Company Inc.,ECCA,n/a,0.91,252.32,n/a
Ellington Residential Mortgage REIT,EARN,$140.16M,1.84,11.96,Consumer Services
"Churchill Downs, Incorporated",CHDN,$2.83B,0.68,56.13,Consumer Services
First Trust CEF Income Opportunity ETF,FCEF,$28.08M,0.19,509.99,n/a
North Atlantic Drilling Ltd.,NADL,$50.64M,0.88,139.56,Energy
MagnaChip Semiconductor Corporation,MX,$305.6M,0.19,858.29,Technology
"American Midstream Partners, LP",AMID,$695.78M,1.4,847.35,Public Utilities
First Trust Emerging Markets AlphaDEX Fund,FEM,$274.06M,1.53,728.91,n/a
MicroStrategy Incorporated,MSTR,$2.09B,0.01,709.73,Technology
Mistras Group Inc,MG,$617.06M,1.63,851.66,Consumer Services
VictoryShares International Volatility Wtd ETF,CIL,n/a,0.5,51.23,n/a
Capital One Financial Corporation,COF^F,n/a,1.79,373.12,n/a
"Jason Industries, Inc.",JASNW,n/a,1.05,727.88,Consumer Durables
Global Partner Acquisition Corp.,GPACW,n/a,1.05,685.28,Health Care
Kinross Gold Corporation,KGC,$5.1B,0.46,162.4,Basic Industries
"SunCoke Energy, Inc.",SXC,$614.25M,1.53,831.7,Basic Industries
"Walgreens Boots Alliance, Inc.",WBA,$84.79B,1.52,951.22,Health Care
"Manhattan Bridge Capital, Inc",LOAN,$40.19M,0.23,678.31,Consumer Services
Nano Dimension Ltd.,NNDM,$60.98M,1.7,580.46,Technology
"China Customer Relations Centers, Inc.",CCRC,$276.59M,1.76,260.51,Miscellaneous
"Legg Mason, Inc.",LMHB,n/a,1.83,478.93,Finance
Oasmia Pharmaceutical AB,OASM,$38.24M,0.56,648.48,Health Care
Gabelli Global Small and Mid Cap Value Trust (The),GGZ,$95.4M,1.15,507.92,n/a
Main Street Capital Corporation,MSCA,n/a,0.15,846.89,n/a
"TCG BDC, Inc.",CGBD,n/a,1.65,517.5,n/a
Associated Banc-Corp,ASB^C,n/a,1.57,75.05,n/a
Vanguard International Dividend Appreciation ETF,VIGI,$408.55M,1.15,204.12,n/a
VictoryShares Developed Enhanced Volatility Wtd ETF,CIZ,n/a,1.17,327.27,n/a
"AmTrust Financial Services, Inc.",AFSI^B,n/a,1.05,459.2,n/a
"Alnylam Pharmaceuticals, Inc.",ALNY,$6.56B,1.15,153.8,Health Care
"General American Investors, Inc.",GAM^B,n/a,1.99,569.63,n/a
BorgWarner Inc.,BWA,$8.7B,0.81,376.37,Capital Goods
"Myriad Genetics, Inc.",MYGN,$1.63B,1.91,393,Health Care
"Whole Foods Market, Inc.",WFM,$13.64B,1.68,440.85,Consumer Services
"AG Mortgage Investment Trust, Inc.",MITT^A,n/a,0.47,490.08,n/a
"MRV Communications, Inc.",MRVC,$63.58M,0.27,670.71,Technology
StoneMor Partners L.P.,STON,$345.32M,1.34,876.28,Consumer Services
"Flowers Foods, Inc.",FLO,$3.7B,0.45,363.08,Consumer Non-Durables
"Spectrum Pharmaceuticals, Inc.",SPPI,$522.68M,1.92,920.01,Health Care
Lannett Co Inc,LCI,$688.77M,1.9,737.11,Health Care
La Jolla Pharmaceutical Company,LJPC,$587.6M,0.7,642.31,Health Care
"ALJ Regional Holdings, Inc.",ALJJ,$113.53M,0.41,707.68,Miscellaneous
"American Eagle Outfitters, Inc.",AEO,$2.05B,1.93,668.83,Consumer Services
"SCYNEXIS, Inc.",SCYX,$42.31M,1.84,674.95,Health Care
Mack-Cali Realty Corporation,CLI,$2.54B,1.45,436.69,Consumer Services
Teekay Offshore Partners L.P.,TOO^A,n/a,0.34,556.28,n/a
Electrum Special Acquisition Corporation,ELECU,$260.75M,1.21,126.31,Finance
American Tower Corporation (REIT),AMT^B,n/a,0.92,696.07,n/a
Jazz Pharmaceuticals plc,JAZZ,$9B,0.51,929.13,Health Care
Mesabi Trust,MSB,$173.18M,0.28,209.41,Basic Industries
Crown Castle International Corporation,CCI,$37.04B,0.17,904.88,Consumer Services
ACADIA Pharmaceuticals Inc.,ACAD,$3.31B,0.89,737.43,Health Care
Coca-Cola Company (The),KO,$193.59B,0.74,280.79,Consumer Non-Durables
BioShares Biotechnology Clinical Trials Fund,BBC,$23.35M,1.41,750.95,n/a
"Gilead Sciences, Inc.",GILD,$83.79B,1.85,510.34,Health Care
RPX Corporation,RPXC,$656.65M,1.51,928.76,Miscellaneous
"Meta Financial Group, Inc.",CASH,$836.36M,1.86,522.69,Finance
Grupo Supervielle S.A.,SUPV,$1.24B,1,48.77,Finance
"Cedar Realty Trust, Inc.",CDR^B,n/a,0.1,961.83,n/a
Simmons First National Corporation,SFNC,$1.7B,0.38,95.5,Finance
Nuveen North Carolina Quality Municipal Income Fd,NNC,$220.34M,0.89,19.42,n/a
First Trust Developed Markets Ex-US AlphaDEX Fund,FDT,$458.32M,0.74,3.24,n/a
"Malibu Boats, Inc.",MBUU,$444.68M,0.42,714.04,Capital Goods
Ducommun Incorporated,DCO,$365.69M,1.04,233.41,Capital Goods
AK Steel Holding Corporation,AKS,$1.89B,0.65,653.22,Basic Industries
Great Plains Energy Inc,GXP,$6.45B,1.86,787.92,Public Utilities
"Sun Bancorp, Inc.",SNBC,$483.16M,1.38,610.34,Finance
"Virtus Investment Partners, Inc.",VRTS,$785.49M,1.43,426.11,Finance
Lannett Co Inc,LCI,$688.77M,0.92,407.4,Health Care
Molson Coors Brewing  Company,TAP,$14.14B,1.08,691.83,Consumer Non-Durables
E.I. du Pont de Nemours and Company,DD^B,n/a,0.47,918.83,Basic Industries
"Hertz Global Holdings, Inc",HTZ,$782.71M,0.62,213.46,Consumer Services
"DWS High Income Opportunities Fund, Inc.",DHG,$226.66M,1.93,359.29,n/a
Nuveen NASDAQ 100 Dynamic Overwrite Fund,QQQX,$781.34M,0.86,97.23,n/a
Cementos Pacasmayo S.A.A.,CPAC,$979.51M,0.4,770.71,Capital Goods
Weyerhaeuser Company,WY,$25.31B,1.59,675.18,Consumer Services
"Telephone and Data Systems, Inc.",TDI,n/a,0.28,124.78,Public Utilities
PowerShares Nasdaq Internet Portfolio,PNQI,$388.09M,0.45,767.55,n/a
Eaton Vance NextShares Trust II,EVLMC,n/a,0.77,596.08,n/a
Blackrock California Municipal 2018 Term Trust,BJZ,$97.01M,1.47,567,n/a
DXC Technology Company,DXC,$21.19B,1.57,908.71,Technology
"Dominion Energy, Inc.",DCUD,n/a,1.87,42.5,Public Utilities
"Akorn, Inc.",AKRX,$4.17B,0.07,777.29,Health Care
"Truett-Hurst, Inc.",THST,$9.12M,1.63,673.27,Consumer Non-Durables
DTE Energy Company,DTQ,n/a,1.08,14.17,Public Utilities
"SeaChange International, Inc.",SEAC,$95.04M,1.6,452.7,Technology
NXT-ID Inc.,NXTDW,n/a,1.59,16.34,Consumer Services
"Biostage, Inc.",BSTG,$12.03M,1.16,365.86,Health Care
"Knoll, Inc.",KNL,$1.04B,0.73,506.96,Consumer Durables
"SunTrust Banks, Inc.",STI^A,n/a,0.74,348.43,n/a
Legg Mason Global Infrastructure ETF,INFR,n/a,0.83,870.52,n/a
Vanguard Short-Term Corporate Bond ETF,VCSH,$19.14B,0.24,714.21,n/a
"Cobalt International Energy, Inc.",CIE,$93.34M,0.03,289.38,Energy
Optibase Ltd.,OBAS,$52.14M,0.36,93.5,Finance
"Amber Road, Inc.",AMBR,$217.53M,0,358.05,Technology
FIRST REPUBLIC BANK,FRC^H,n/a,1.35,939.93,n/a
Open Text Corporation,OTEX,$8.28B,0.83,587.25,Technology
Honeywell International Inc.,HON,$102.63B,1.25,766.84,Capital Goods
Progress Software Corporation,PRGS,$1.41B,0.22,686.06,Technology
"Mondelez International, Inc.",MDLZ,$68.57B,0.42,635.74,Consumer Non-Durables
Adobe Systems Incorporated,ADBE,$68.19B,0.52,553.77,Technology
"Concert Pharmaceuticals, Inc.",CNCE,$299.64M,1.34,669.4,Health Care
Liberty Interactive Corporation,QVCB,$10.92B,1.55,147.09,Consumer Services
"Apollo Endosurgery, Inc.",APEN,$72.33M,1.99,384.53,Health Care
Flaherty & Crumrine Preferred Securities Income Fund Inc,FFC,$961.1M,1.79,227.42,n/a
"CatchMark Timber Trust, Inc.",CTT           ,$452.92M,0.05,213.11,Consumer Services
Ashford Hospitality Trust Inc,AHT^F,n/a,1.35,660.4,n/a
W.R. Berkley Corporation,WRB^D,n/a,1.63,733.93,n/a
AK Steel Holding Corporation,AKS,$1.89B,1.52,855.85,Basic Industries
Eaton Vance NextShares Trust,EVGBC,n/a,1.2,80.64,n/a
Owens Corning Inc,OC,$7.18B,1.56,571.74,Capital Goods
Macquarie Global Infrastructure Total Return Fund Inc.,MGU,$305.47M,1.3,765.03,n/a
POSCO,PKX,$19.18B,0.01,386.2,Basic Industries
NovoCure Limited,NVCR,$1.3B,0.94,765.64,Health Care
"Parsley Energy, Inc.",PE,$8.13B,1.8,511.78,Energy
Annaly Capital Management Inc,NLY,$12.59B,1.62,536.33,Consumer Services
"Mohawk Industries, Inc.",MHK,$17.98B,0.64,40.59,Consumer Durables
Invesco Plc,IVZ,$14.08B,0.81,869.34,Finance
"CryoLife, Inc.",CRY,$615.32M,1.17,500.07,Health Care
Kopin Corporation,KOPN,$266.19M,1.27,219.03,Technology
Colonial Investment Grade Municipal Trust,CXH,$116.91M,0.1,226.31,n/a
VictoryShares US 500 Enhanced Volatility Wtd ETF,CFO,$30.92M,1.94,11.45,n/a
CYREN Ltd.,CYRN,$80.33M,0.17,180.69,Technology
LyondellBasell Industries NV,LYB,$32.58B,1.21,594.74,Basic Industries
"Southside Bancshares, Inc.",SBSI,$1.02B,1.58,149.77,Finance
BHP Billiton Limited,BHP,$92.34B,0.79,328.95,Basic Industries
Tredegar Corporation,TG,$518.61M,1.46,330.73,Capital Goods
"A-Mark Precious Metals, Inc.",AMRK,$112.5M,1.09,557.58,Basic Industries
"Papa Murphy's Holdings, Inc.",FRSH,$69M,1.86,795.67,Consumer Services
Vaalco Energy Inc,EGY,$52.67M,0.92,734.66,Energy
"Coherus BioSciences, Inc.",CHRS,$761.63M,1.93,537.7,Health Care
Immersion Corporation,IMMR,$255.79M,1.45,573.32,Technology
"Reis, Inc",REIS,$237.79M,0.91,547.47,Miscellaneous
500.com Limited,WBAI,$384.71M,0.12,516.28,Consumer Services
"TJX Companies, Inc. (The)",TJX,$46.6B,1.49,331.41,Consumer Services
Kroger Company (The),KR,$20.34B,0.68,749.58,Consumer Services
American Campus Communities Inc,ACC,$6.48B,1.81,797.07,Consumer Services
"Nuveen New York Municipal Value Fund, Inc.",NNY,$156.44M,1.23,380.14,n/a
Advent Claymore Convertible Securities and Income Fund,AVK,$378.24M,1.56,828.71,n/a
Grupo Aeroportuario del Centro Norte S.A.B. de C.V.,OMAB,$2.25B,0.53,650.24,Transportation
Annaly Capital Management Inc,NLY^A,n/a,1.73,552.52,n/a
"MidWestOne Financial Group, Inc.",MOFG,$437.4M,1.67,136.33,Finance
"Blackrock MuniYield California Insured Fund, Inc.",MCA,$517.81M,1.31,550.36,n/a
Korea Electric Power Corporation,KEP,$24.6B,0.02,924.19,Public Utilities
EMCORE Corporation,EMKR,$299.12M,0.53,205.92,Technology
CBX (Listing Market NYSE Networks AE,CBX,n/a,0.48,803.42,n/a
"Turkish Investment Fund, Inc. (The)",TKF,$42.8M,0.09,903.06,n/a
Moog Inc.,MOG.A,n/a,1.18,444.18,n/a
Kewaunee Scientific Corporation,KEQU,$61.97M,0.63,524.08,Capital Goods
Alleghany Corporation,Y,$9.37B,1.62,284.86,Finance
Nuveen Floating Rate Income Fund,JFR,$663.3M,1.27,493.43,n/a
CNB Financial Corporation,CCNE,$357.95M,0.19,856.88,Finance
"Superior Energy Services, Inc.",SPN,$1.59B,0.14,242.32,Energy
Pimco Municipal Income Fund II,PML,$815.13M,1.89,383.23,n/a
"ICC Holdings, Inc.",ICCH,$53.83M,0.27,55.66,Finance
MSCI Inc,MSCI,$9.55B,0.76,823.58,Miscellaneous
PartnerRe Ltd.,PRE^F,n/a,1.15,190.88,n/a
First Trust High Income Long Short Fund,FSD,$607.04M,1.02,872.81,n/a
"Ross Stores, Inc.",ROST,$23.38B,1.75,188.3,Consumer Services
Woori Bank,WF,$10.29B,0.43,900.34,Finance
"Pulmatrix, Inc.",PULM,$45.78M,0.25,43.97,Health Care
EchoStar Corporation,SATS,$5.8B,1.45,699.81,Technology
"Blackrock MuniHoldings Quality Fund, Inc.",MUS,$177.4M,0.78,448.4,n/a
First Trust Nasdaq Semiconductor ETF,FTXL,$21.58M,1.74,624.61,n/a
Capitala Finance Corp.,CPTAG,n/a,0.1,503.23,n/a
China New Borun Corporation,BORN,$34.21M,0.7,936.9,Consumer Non-Durables
"Rudolph Technologies, Inc.",RTEC,$781.27M,1.73,870.89,Capital Goods
Blackrock Defined Opportunity Credit Trust,BHL,$123.81M,1.07,404.78,n/a
"Blackrock Debt Strategies Fund, Inc.",DSU,$717.08M,1.48,208.1,n/a
PTC Inc.,PTC,$6.6B,0.65,256.07,Technology
Hersha Hospitality Trust,HT^E,n/a,1.44,363.63,n/a
"MasTec, Inc.",MTZ,$3.69B,0.64,421.47,Basic Industries
